-- phpMyAdmin SQL Dump
-- version 5.2.1
-- https://www.phpmyadmin.net/
--
-- Host: localhost:3306
-- Generation Time: Oct 14, 2024 at 02:58 PM
-- Server version: 8.0.30
-- PHP Version: 8.3.9

SET SQL_MODE = "NO_AUTO_VALUE_ON_ZERO";
START TRANSACTION;
SET time_zone = "+00:00";


/*!40101 SET @OLD_CHARACTER_SET_CLIENT=@@CHARACTER_SET_CLIENT */;
/*!40101 SET @OLD_CHARACTER_SET_RESULTS=@@CHARACTER_SET_RESULTS */;
/*!40101 SET @OLD_COLLATION_CONNECTION=@@COLLATION_CONNECTION */;
/*!40101 SET NAMES utf8mb4 */;

--
-- Database: `basecamp`
--

-- --------------------------------------------------------

--
-- Table structure for table `admin`
--

CREATE TABLE `admin` (
  `id_user` int NOT NULL,
  `role` enum('reguler','super') DEFAULT 'reguler',
  `username` varchar(20) CHARACTER SET latin1 COLLATE latin1_swedish_ci NOT NULL,
  `password` varchar(20) CHARACTER SET latin1 COLLATE latin1_swedish_ci NOT NULL,
  `nama` varchar(50) CHARACTER SET latin1 COLLATE latin1_swedish_ci NOT NULL,
  `no_hp` varchar(15) CHARACTER SET latin1 COLLATE latin1_swedish_ci NOT NULL
) ENGINE=MyISAM DEFAULT CHARSET=latin1;

--
-- Dumping data for table `admin`
--

INSERT INTO `admin` (`id_user`, `role`, `username`, `password`, `nama`, `no_hp`) VALUES
(1, 'super', 'admin', '123', 'Gerald Sharon Ratu', '082197252773'),
(9, 'reguler', 'admin02', '123', 'admin02', '012');

-- --------------------------------------------------------

--
-- Table structure for table `available_times`
--

CREATE TABLE `available_times` (
  `id` int NOT NULL,
  `lapangan_id` int NOT NULL,
  `tanggal` date NOT NULL,
  `start_time` time NOT NULL,
  `end_time` time NOT NULL,
  `harga` int NOT NULL,
  `diskon` int DEFAULT NULL,
  `total` int NOT NULL,
  `status` enum('available','booked') DEFAULT 'available'
) ENGINE=InnoDB DEFAULT CHARSET=utf8mb4 COLLATE=utf8mb4_0900_ai_ci;

--
-- Dumping data for table `available_times`
--

INSERT INTO `available_times` (`id`, `lapangan_id`, `tanggal`, `start_time`, `end_time`, `harga`, `diskon`, `total`, `status`) VALUES
(1, 1, '2024-09-24', '08:00:00', '10:00:00', 80000, 10, 72000, 'booked'),
(2, 1, '2024-09-24', '11:00:00', '12:00:00', 90000, 20, 72000, 'booked'),
(3, 1, '2024-09-24', '13:00:00', '14:00:00', 85000, 30, 59500, 'booked'),
(4, 1, '2024-09-24', '15:00:00', '16:00:00', 95000, 40, 57000, 'booked'),
(5, 1, '2024-09-24', '17:00:00', '18:00:00', 85000, 50, 42500, 'booked'),
(6, 1, '2024-09-24', '19:00:00', '20:00:00', 100000, 10, 90000, 'booked'),
(7, 1, '2024-09-24', '21:00:00', '22:00:00', 75000, 10, 67500, 'booked'),
(8, 1, '2024-09-25', '08:00:00', '10:00:00', 80000, 10, 72000, 'booked'),
(9, 1, '2024-09-25', '11:00:00', '12:00:00', 90000, 10, 81000, 'booked'),
(10, 1, '2024-09-25', '13:00:00', '14:00:00', 85000, 20, 68000, 'booked'),
(11, 1, '2024-09-25', '15:00:00', '16:00:00', 95000, 20, 76000, 'booked'),
(12, 1, '2024-09-25', '17:00:00', '18:00:00', 85000, 20, 68000, 'booked'),
(13, 1, '2024-09-25', '19:00:00', '20:00:00', 100000, 20, 80000, 'booked'),
(14, 1, '2024-09-25', '21:00:00', '22:00:00', 75000, 20, 60000, 'booked'),
(15, 1, '2024-09-26', '08:00:00', '10:00:00', 80000, 10, 72000, 'booked'),
(16, 1, '2024-09-26', '11:00:00', '12:00:00', 90000, 10, 81000, 'booked'),
(17, 1, '2024-09-26', '13:00:00', '14:00:00', 85000, 20, 68000, 'booked'),
(18, 1, '2024-09-26', '15:00:00', '16:00:00', 95000, 20, 76000, 'booked'),
(19, 1, '2024-09-26', '17:00:00', '18:00:00', 85000, 20, 68000, 'booked'),
(20, 1, '2024-09-26', '19:00:00', '20:00:00', 100000, 20, 80000, 'booked'),
(21, 1, '2024-09-26', '21:00:00', '22:00:00', 75000, 20, 60000, 'booked'),
(22, 1, '2024-09-27', '08:00:00', '10:00:00', 80000, 10, 72000, 'booked'),
(23, 1, '2024-09-27', '11:00:00', '12:00:00', 90000, 10, 81000, 'booked'),
(24, 1, '2024-09-27', '13:00:00', '14:00:00', 85000, 20, 68000, 'booked'),
(25, 1, '2024-09-27', '15:00:00', '16:00:00', 95000, 20, 76000, 'available'),
(26, 1, '2024-09-27', '17:00:00', '18:00:00', 85000, 20, 68000, 'available'),
(27, 1, '2024-09-27', '19:00:00', '20:00:00', 100000, 20, 80000, 'available'),
(28, 1, '2024-09-27', '21:00:00', '22:00:00', 75000, 20, 60000, 'available'),
(29, 1, '2024-09-28', '08:00:00', '10:00:00', 80000, 10, 72000, 'available'),
(30, 1, '2024-09-28', '11:00:00', '12:00:00', 90000, 10, 81000, 'available'),
(31, 1, '2024-09-28', '13:00:00', '14:00:00', 85000, 20, 68000, 'available'),
(32, 1, '2024-09-28', '15:00:00', '16:00:00', 95000, 20, 76000, 'available'),
(33, 1, '2024-09-28', '17:00:00', '18:00:00', 85000, 20, 68000, 'available'),
(34, 1, '2024-09-28', '19:00:00', '20:00:00', 100000, 20, 80000, 'available'),
(35, 1, '2024-09-28', '21:00:00', '22:00:00', 75000, 20, 60000, 'available'),
(36, 2, '2024-09-24', '08:00:00', '10:00:00', 80000, 10, 72000, 'available'),
(37, 2, '2024-09-24', '11:00:00', '12:00:00', 90000, 20, 72000, 'available'),
(38, 2, '2024-09-24', '13:00:00', '14:00:00', 85000, 30, 59500, 'booked'),
(39, 2, '2024-09-24', '15:00:00', '16:00:00', 95000, 40, 57000, 'booked'),
(40, 2, '2024-09-24', '17:00:00', '18:00:00', 85000, 50, 42500, 'booked'),
(41, 2, '2024-09-24', '19:00:00', '20:00:00', 100000, 10, 90000, 'booked'),
(42, 2, '2024-09-24', '21:00:00', '22:00:00', 75000, 10, 67500, 'booked'),
(43, 2, '2024-09-25', '08:00:00', '10:00:00', 80000, 10, 72000, 'booked'),
(44, 2, '2024-09-25', '11:00:00', '12:00:00', 90000, 10, 81000, 'booked'),
(45, 2, '2024-09-25', '13:00:00', '14:00:00', 85000, 20, 68000, 'booked'),
(46, 2, '2024-09-25', '15:00:00', '16:00:00', 95000, 20, 76000, 'available'),
(47, 2, '2024-09-25', '17:00:00', '18:00:00', 85000, 20, 68000, 'available'),
(48, 2, '2024-09-25', '19:00:00', '20:00:00', 100000, 20, 80000, 'available'),
(49, 2, '2024-09-25', '21:00:00', '22:00:00', 75000, 20, 60000, 'available'),
(50, 2, '2024-09-26', '08:00:00', '10:00:00', 80000, 10, 72000, 'available'),
(51, 2, '2024-09-26', '11:00:00', '12:00:00', 90000, 10, 81000, 'available'),
(52, 2, '2024-09-26', '13:00:00', '14:00:00', 85000, 20, 68000, 'available'),
(53, 2, '2024-09-26', '15:00:00', '16:00:00', 95000, 20, 76000, 'available'),
(54, 2, '2024-09-26', '17:00:00', '18:00:00', 85000, 20, 68000, 'available'),
(55, 2, '2024-09-26', '19:00:00', '20:00:00', 100000, 20, 80000, 'available'),
(56, 2, '2024-09-26', '21:00:00', '22:00:00', 75000, 20, 60000, 'available'),
(57, 2, '2024-09-27', '08:00:00', '10:00:00', 80000, 10, 72000, 'available'),
(58, 2, '2024-09-27', '11:00:00', '12:00:00', 90000, 10, 81000, 'available'),
(59, 2, '2024-09-27', '13:00:00', '14:00:00', 85000, 20, 68000, 'available'),
(60, 2, '2024-09-27', '15:00:00', '16:00:00', 95000, 20, 76000, 'available'),
(61, 2, '2024-09-27', '17:00:00', '18:00:00', 85000, 20, 68000, 'available'),
(62, 2, '2024-09-27', '19:00:00', '20:00:00', 100000, 20, 80000, 'available'),
(63, 2, '2024-09-27', '21:00:00', '22:00:00', 75000, 20, 60000, 'available'),
(64, 2, '2024-09-28', '08:00:00', '10:00:00', 80000, 10, 72000, 'booked'),
(65, 2, '2024-09-28', '11:00:00', '12:00:00', 90000, 10, 81000, 'available'),
(66, 2, '2024-09-28', '13:00:00', '14:00:00', 85000, 20, 68000, 'available'),
(67, 2, '2024-09-28', '15:00:00', '16:00:00', 95000, 20, 76000, 'available'),
(68, 2, '2024-09-28', '17:00:00', '18:00:00', 85000, 20, 68000, 'available'),
(69, 2, '2024-09-28', '19:00:00', '20:00:00', 100000, 20, 80000, 'available'),
(70, 2, '2024-09-28', '21:00:00', '22:00:00', 75000, 20, 60000, 'available'),
(71, 4, '2024-09-24', '08:00:00', '10:00:00', 80000, 10, 72000, 'available'),
(72, 4, '2024-09-24', '11:00:00', '12:00:00', 90000, 20, 72000, 'available'),
(73, 4, '2024-09-24', '13:00:00', '14:00:00', 85000, 30, 59500, 'available'),
(74, 4, '2024-09-24', '15:00:00', '16:00:00', 95000, 40, 57000, 'available'),
(75, 4, '2024-09-24', '17:00:00', '18:00:00', 85000, 50, 42500, 'available'),
(76, 4, '2024-09-24', '19:00:00', '20:00:00', 100000, 10, 90000, 'available'),
(77, 4, '2024-09-24', '21:00:00', '22:00:00', 75000, 10, 67500, 'available'),
(78, 4, '2024-09-25', '08:00:00', '10:00:00', 80000, 10, 72000, 'available'),
(79, 4, '2024-09-25', '11:00:00', '12:00:00', 90000, 10, 81000, 'available'),
(80, 4, '2024-09-25', '13:00:00', '14:00:00', 85000, 20, 68000, 'available'),
(81, 4, '2024-09-25', '15:00:00', '16:00:00', 95000, 20, 76000, 'available'),
(82, 4, '2024-09-25', '17:00:00', '18:00:00', 85000, 20, 68000, 'available'),
(83, 4, '2024-09-25', '19:00:00', '20:00:00', 100000, 20, 80000, 'available'),
(84, 4, '2024-09-25', '21:00:00', '22:00:00', 75000, 20, 60000, 'available'),
(85, 4, '2024-09-26', '08:00:00', '10:00:00', 80000, 10, 72000, 'available'),
(86, 4, '2024-09-26', '11:00:00', '12:00:00', 90000, 10, 81000, 'available'),
(87, 4, '2024-09-26', '13:00:00', '14:00:00', 85000, 20, 68000, 'available'),
(88, 4, '2024-09-26', '15:00:00', '16:00:00', 95000, 20, 76000, 'available'),
(89, 4, '2024-09-26', '17:00:00', '18:00:00', 85000, 20, 68000, 'available'),
(90, 4, '2024-09-26', '19:00:00', '20:00:00', 100000, 20, 80000, 'available'),
(91, 4, '2024-09-26', '21:00:00', '22:00:00', 75000, 20, 60000, 'available'),
(92, 4, '2024-09-27', '08:00:00', '10:00:00', 80000, 10, 72000, 'available'),
(93, 4, '2024-09-27', '11:00:00', '12:00:00', 90000, 10, 81000, 'available'),
(94, 4, '2024-09-27', '13:00:00', '14:00:00', 85000, 20, 68000, 'available'),
(95, 4, '2024-09-27', '15:00:00', '16:00:00', 95000, 20, 76000, 'available'),
(96, 4, '2024-09-27', '17:00:00', '18:00:00', 85000, 20, 68000, 'available'),
(97, 4, '2024-09-27', '19:00:00', '20:00:00', 100000, 20, 80000, 'available'),
(98, 4, '2024-09-27', '21:00:00', '22:00:00', 75000, 20, 60000, 'available'),
(99, 4, '2024-09-28', '08:00:00', '10:00:00', 80000, 10, 72000, 'available'),
(100, 4, '2024-09-28', '11:00:00', '12:00:00', 90000, 10, 81000, 'available'),
(101, 4, '2024-09-28', '13:00:00', '14:00:00', 85000, 20, 68000, 'available'),
(102, 4, '2024-09-28', '15:00:00', '16:00:00', 95000, 20, 76000, 'available'),
(103, 4, '2024-09-28', '17:00:00', '18:00:00', 85000, 20, 68000, 'available'),
(104, 4, '2024-09-28', '19:00:00', '20:00:00', 100000, 20, 80000, 'available'),
(105, 4, '2024-09-28', '21:00:00', '22:00:00', 75000, 20, 60000, 'available'),
(106, 16, '2024-09-24', '08:00:00', '10:00:00', 80000, 10, 72000, 'available'),
(107, 16, '2024-09-24', '11:00:00', '12:00:00', 90000, 20, 72000, 'available'),
(108, 16, '2024-09-24', '13:00:00', '14:00:00', 85000, 30, 59500, 'available'),
(109, 16, '2024-09-24', '15:00:00', '16:00:00', 95000, 40, 57000, 'available'),
(110, 16, '2024-09-24', '17:00:00', '18:00:00', 85000, 50, 42500, 'available'),
(111, 16, '2024-09-24', '19:00:00', '20:00:00', 100000, 10, 90000, 'available'),
(112, 16, '2024-09-24', '21:00:00', '22:00:00', 75000, 10, 67500, 'available'),
(113, 16, '2024-09-25', '08:00:00', '10:00:00', 80000, 10, 72000, 'available'),
(114, 16, '2024-09-25', '11:00:00', '12:00:00', 90000, 10, 81000, 'available'),
(115, 16, '2024-09-25', '13:00:00', '14:00:00', 85000, 20, 68000, 'available'),
(116, 16, '2024-09-25', '15:00:00', '16:00:00', 95000, 20, 76000, 'available'),
(117, 16, '2024-09-25', '17:00:00', '18:00:00', 85000, 20, 68000, 'available'),
(118, 16, '2024-09-25', '19:00:00', '20:00:00', 100000, 20, 80000, 'available'),
(119, 16, '2024-09-25', '21:00:00', '22:00:00', 75000, 20, 60000, 'available'),
(120, 16, '2024-09-26', '08:00:00', '10:00:00', 80000, 10, 72000, 'available'),
(121, 16, '2024-09-26', '11:00:00', '12:00:00', 90000, 10, 81000, 'available'),
(122, 16, '2024-09-26', '13:00:00', '14:00:00', 85000, 20, 68000, 'available'),
(123, 16, '2024-09-26', '15:00:00', '16:00:00', 95000, 20, 76000, 'available'),
(124, 16, '2024-09-26', '17:00:00', '18:00:00', 85000, 20, 68000, 'available'),
(125, 16, '2024-09-26', '19:00:00', '20:00:00', 100000, 20, 80000, 'available'),
(126, 16, '2024-09-26', '21:00:00', '22:00:00', 75000, 20, 60000, 'available'),
(127, 16, '2024-09-27', '08:00:00', '10:00:00', 80000, 10, 72000, 'available'),
(128, 16, '2024-09-27', '11:00:00', '12:00:00', 90000, 10, 81000, 'available'),
(129, 16, '2024-09-27', '13:00:00', '14:00:00', 85000, 20, 68000, 'available'),
(130, 16, '2024-09-27', '15:00:00', '16:00:00', 95000, 20, 76000, 'available'),
(131, 16, '2024-09-27', '17:00:00', '18:00:00', 85000, 20, 68000, 'available'),
(132, 16, '2024-09-27', '19:00:00', '20:00:00', 100000, 20, 80000, 'available'),
(133, 16, '2024-09-27', '21:00:00', '22:00:00', 75000, 20, 60000, 'available'),
(134, 16, '2024-09-28', '08:00:00', '10:00:00', 80000, 10, 72000, 'available'),
(135, 16, '2024-09-28', '11:00:00', '12:00:00', 90000, 10, 81000, 'available'),
(136, 16, '2024-09-28', '13:00:00', '14:00:00', 85000, 20, 68000, 'available'),
(137, 16, '2024-09-28', '15:00:00', '16:00:00', 95000, 20, 76000, 'available'),
(138, 16, '2024-09-28', '17:00:00', '18:00:00', 85000, 20, 68000, 'available'),
(139, 16, '2024-09-28', '19:00:00', '20:00:00', 100000, 20, 80000, 'available'),
(140, 16, '2024-09-28', '21:00:00', '22:00:00', 75000, 20, 60000, 'available'),
(141, 1, '2024-09-29', '08:00:00', '10:00:00', 80000, 10, 72000, 'available'),
(142, 1, '2024-09-29', '11:00:00', '12:00:00', 90000, 20, 72000, 'available'),
(143, 1, '2024-09-29', '13:00:00', '14:00:00', 85000, 30, 59500, 'available'),
(144, 1, '2024-09-29', '15:00:00', '16:00:00', 95000, 40, 57000, 'available'),
(145, 1, '2024-09-29', '17:00:00', '18:00:00', 85000, 50, 42500, 'available'),
(146, 1, '2024-09-29', '19:00:00', '20:00:00', 100000, 10, 90000, 'available'),
(147, 1, '2024-09-29', '21:00:00', '22:00:00', 75000, 10, 67500, 'available'),
(148, 1, '2024-09-30', '08:00:00', '10:00:00', 80000, 10, 72000, 'available'),
(149, 1, '2024-09-30', '11:00:00', '12:00:00', 90000, 10, 81000, 'available'),
(150, 1, '2024-09-30', '13:00:00', '14:00:00', 85000, 20, 68000, 'available'),
(151, 1, '2024-09-30', '15:00:00', '16:00:00', 95000, 20, 76000, 'available'),
(152, 1, '2024-09-30', '17:00:00', '18:00:00', 85000, 20, 68000, 'available'),
(153, 1, '2024-09-30', '19:00:00', '20:00:00', 100000, 20, 80000, 'available'),
(154, 1, '2024-09-30', '21:00:00', '22:00:00', 75000, 20, 60000, 'available'),
(155, 1, '2024-10-01', '08:00:00', '10:00:00', 80000, 10, 72000, 'available'),
(156, 1, '2024-10-01', '11:00:00', '12:00:00', 90000, 10, 81000, 'available'),
(157, 1, '2024-10-01', '13:00:00', '14:00:00', 85000, 20, 68000, 'available'),
(158, 1, '2024-10-01', '15:00:00', '16:00:00', 95000, 20, 76000, 'available'),
(159, 1, '2024-10-01', '17:00:00', '18:00:00', 85000, 20, 68000, 'available'),
(160, 1, '2024-10-01', '19:00:00', '20:00:00', 100000, 20, 80000, 'available'),
(161, 1, '2024-10-01', '21:00:00', '22:00:00', 75000, 20, 60000, 'available'),
(162, 1, '2024-10-02', '08:00:00', '10:00:00', 80000, 10, 72000, 'available'),
(163, 1, '2024-10-02', '11:00:00', '12:00:00', 90000, 10, 81000, 'available'),
(164, 1, '2024-10-02', '13:00:00', '14:00:00', 85000, 20, 68000, 'available'),
(165, 1, '2024-10-02', '15:00:00', '16:00:00', 95000, 20, 76000, 'available'),
(166, 1, '2024-10-02', '17:00:00', '18:00:00', 85000, 20, 68000, 'available'),
(167, 1, '2024-10-02', '19:00:00', '20:00:00', 100000, 20, 80000, 'available'),
(168, 1, '2024-10-02', '21:00:00', '22:00:00', 75000, 20, 60000, 'available'),
(169, 1, '2024-09-03', '08:00:00', '10:00:00', 80000, 10, 72000, 'booked'),
(170, 1, '2024-09-03', '11:00:00', '12:00:00', 90000, 10, 81000, 'booked'),
(171, 1, '2024-09-03', '13:00:00', '14:00:00', 85000, 20, 68000, 'booked'),
(172, 1, '2024-09-03', '15:00:00', '16:00:00', 95000, 20, 76000, 'booked'),
(173, 1, '2024-09-03', '17:00:00', '18:00:00', 85000, 20, 68000, 'booked'),
(174, 1, '2024-09-03', '19:00:00', '20:00:00', 100000, 20, 80000, 'booked'),
(175, 1, '2024-09-03', '21:00:00', '22:00:00', 75000, 20, 60000, 'booked'),
(176, 1, '2024-10-06', '08:00:00', '10:00:00', 80000, 10, 72000, 'available'),
(177, 1, '2024-10-06', '11:00:00', '12:00:00', 90000, 20, 72000, 'available'),
(178, 1, '2024-10-06', '13:00:00', '14:00:00', 85000, 30, 59500, 'available'),
(179, 1, '2024-10-06', '15:00:00', '16:00:00', 95000, 40, 57000, 'available'),
(180, 1, '2024-10-06', '17:00:00', '18:00:00', 85000, 50, 42500, 'booked'),
(181, 1, '2024-10-06', '19:00:00', '20:00:00', 100000, 10, 90000, 'available'),
(182, 1, '2024-10-06', '21:00:00', '22:00:00', 75000, 10, 67500, 'available'),
(183, 1, '2024-10-07', '08:00:00', '10:00:00', 80000, 10, 72000, 'booked'),
(184, 1, '2024-10-07', '11:00:00', '12:00:00', 90000, 10, 81000, 'booked'),
(185, 1, '2024-10-07', '13:00:00', '14:00:00', 85000, 20, 68000, 'booked'),
(186, 1, '2024-10-07', '15:00:00', '16:00:00', 95000, 20, 76000, 'booked'),
(187, 1, '2024-10-07', '17:00:00', '18:00:00', 85000, 20, 68000, 'booked'),
(188, 1, '2024-10-07', '19:00:00', '20:00:00', 100000, 20, 80000, 'booked'),
(189, 1, '2024-10-07', '21:00:00', '22:00:00', 75000, 20, 60000, 'booked'),
(190, 1, '2024-10-08', '08:00:00', '10:00:00', 80000, 10, 72000, 'available'),
(191, 1, '2024-10-08', '11:00:00', '12:00:00', 90000, 10, 81000, 'available'),
(192, 1, '2024-10-08', '13:00:00', '14:00:00', 85000, 20, 68000, 'available'),
(193, 1, '2024-10-08', '15:00:00', '16:00:00', 95000, 20, 76000, 'available'),
(194, 1, '2024-10-08', '17:00:00', '18:00:00', 85000, 20, 68000, 'available'),
(195, 1, '2024-10-08', '19:00:00', '20:00:00', 100000, 20, 80000, 'available'),
(196, 1, '2024-10-08', '21:00:00', '22:00:00', 75000, 20, 60000, 'available'),
(197, 1, '2024-10-09', '08:00:00', '10:00:00', 80000, 10, 72000, 'booked'),
(198, 1, '2024-10-09', '11:00:00', '12:00:00', 90000, 10, 81000, 'booked'),
(199, 1, '2024-10-09', '13:00:00', '14:00:00', 85000, 20, 68000, 'available'),
(200, 1, '2024-10-09', '15:00:00', '16:00:00', 95000, 20, 76000, 'available'),
(201, 1, '2024-10-09', '17:00:00', '18:00:00', 85000, 20, 68000, 'available'),
(202, 1, '2024-10-09', '19:00:00', '20:00:00', 100000, 20, 80000, 'available'),
(203, 1, '2024-10-09', '21:00:00', '22:00:00', 75000, 20, 60000, 'available'),
(204, 1, '2024-10-10', '08:00:00', '10:00:00', 80000, 10, 72000, 'available'),
(205, 1, '2024-10-10', '11:00:00', '12:00:00', 90000, 10, 81000, 'available'),
(206, 1, '2024-10-10', '13:00:00', '14:00:00', 85000, 20, 68000, 'available'),
(207, 1, '2024-10-10', '15:00:00', '16:00:00', 95000, 20, 76000, 'available'),
(208, 1, '2024-10-10', '17:00:00', '18:00:00', 85000, 20, 68000, 'available'),
(209, 1, '2024-10-10', '19:00:00', '20:00:00', 100000, 20, 80000, 'available'),
(210, 1, '2024-10-10', '21:00:00', '22:00:00', 75000, 20, 60000, 'available'),
(211, 2, '2024-10-06', '08:00:00', '10:00:00', 80000, 10, 72000, 'booked'),
(212, 2, '2024-10-06', '11:00:00', '12:00:00', 90000, 20, 72000, 'booked'),
(213, 2, '2024-10-06', '13:00:00', '14:00:00', 85000, 30, 59500, 'booked'),
(214, 2, '2024-10-06', '15:00:00', '16:00:00', 95000, 40, 57000, 'booked'),
(215, 2, '2024-10-06', '17:00:00', '18:00:00', 85000, 50, 42500, 'available'),
(216, 2, '2024-10-06', '19:00:00', '20:00:00', 100000, 10, 90000, 'available'),
(217, 2, '2024-10-06', '21:00:00', '22:00:00', 75000, 10, 67500, 'available'),
(218, 2, '2024-10-07', '08:00:00', '10:00:00', 80000, 10, 72000, 'available'),
(219, 2, '2024-10-07', '11:00:00', '12:00:00', 90000, 10, 81000, 'available'),
(220, 2, '2024-10-07', '13:00:00', '14:00:00', 85000, 20, 68000, 'available'),
(221, 2, '2024-10-07', '15:00:00', '16:00:00', 95000, 20, 76000, 'available'),
(222, 2, '2024-10-07', '17:00:00', '18:00:00', 85000, 20, 68000, 'available'),
(223, 2, '2024-10-07', '19:00:00', '20:00:00', 100000, 20, 80000, 'available'),
(224, 2, '2024-10-07', '21:00:00', '22:00:00', 75000, 20, 60000, 'available'),
(225, 2, '2024-10-08', '08:00:00', '10:00:00', 80000, 10, 72000, 'available'),
(226, 2, '2024-10-08', '11:00:00', '12:00:00', 90000, 10, 81000, 'available'),
(227, 2, '2024-10-08', '13:00:00', '14:00:00', 85000, 20, 68000, 'available'),
(228, 2, '2024-10-08', '15:00:00', '16:00:00', 95000, 20, 76000, 'available'),
(229, 2, '2024-10-08', '17:00:00', '18:00:00', 85000, 20, 68000, 'available'),
(230, 2, '2024-10-08', '19:00:00', '20:00:00', 100000, 20, 80000, 'available'),
(231, 2, '2024-10-08', '21:00:00', '22:00:00', 75000, 20, 60000, 'available'),
(232, 2, '2024-10-09', '08:00:00', '10:00:00', 80000, 10, 72000, 'booked'),
(233, 2, '2024-10-09', '11:00:00', '12:00:00', 90000, 10, 81000, 'available'),
(234, 2, '2024-10-09', '13:00:00', '14:00:00', 85000, 20, 68000, 'available'),
(235, 2, '2024-10-09', '15:00:00', '16:00:00', 95000, 20, 76000, 'available'),
(236, 2, '2024-10-09', '17:00:00', '18:00:00', 85000, 20, 68000, 'booked'),
(237, 2, '2024-10-09', '19:00:00', '20:00:00', 100000, 20, 80000, 'available'),
(238, 2, '2024-10-09', '21:00:00', '22:00:00', 75000, 20, 60000, 'available'),
(239, 2, '2024-10-10', '08:00:00', '10:00:00', 80000, 10, 72000, 'available'),
(240, 2, '2024-10-10', '11:00:00', '12:00:00', 90000, 10, 81000, 'available'),
(316, 1, '2024-10-14', '06:00:00', '07:00:00', 250000, 40, 150000, 'available'),
(317, 1, '2024-10-14', '07:00:00', '08:00:00', 250000, 40, 150000, 'available'),
(318, 1, '2024-10-14', '08:00:00', '09:00:00', 250000, 40, 150000, 'booked'),
(319, 1, '2024-10-14', '09:00:00', '10:00:00', 250000, 40, 150000, 'available'),
(320, 1, '2024-10-14', '10:00:00', '11:00:00', 250000, 40, 150000, 'available'),
(321, 1, '2024-10-14', '11:00:00', '12:00:00', 250000, 40, 150000, 'available'),
(322, 1, '2024-10-14', '12:00:00', '13:00:00', 250000, 40, 150000, 'available'),
(323, 1, '2024-10-14', '13:00:00', '14:00:00', 250000, 40, 150000, 'available'),
(324, 1, '2024-10-14', '14:00:00', '15:00:00', 250000, 0, 250000, 'available'),
(325, 1, '2024-10-14', '15:00:00', '16:00:00', 250000, 0, 250000, 'available'),
(326, 1, '2024-10-14', '16:00:00', '17:00:00', 250000, 0, 250000, 'available'),
(327, 1, '2024-10-14', '17:00:00', '18:00:00', 250000, 0, 250000, 'available'),
(328, 1, '2024-10-14', '18:00:00', '19:00:00', 250000, 0, 250000, 'available'),
(329, 1, '2024-10-14', '19:00:00', '20:00:00', 250000, 0, 250000, 'available'),
(330, 1, '2024-10-14', '20:00:00', '21:00:00', 250000, 0, 250000, 'available'),
(331, 2, '2024-10-14', '06:00:00', '07:00:00', 250000, 40, 150000, 'available'),
(332, 2, '2024-10-14', '07:00:00', '08:00:00', 250000, 40, 150000, 'available'),
(333, 2, '2024-10-14', '08:00:00', '09:00:00', 250000, 40, 150000, 'available'),
(334, 2, '2024-10-14', '09:00:00', '10:00:00', 250000, 40, 150000, 'available'),
(335, 2, '2024-10-14', '10:00:00', '11:00:00', 250000, 40, 150000, 'available'),
(336, 2, '2024-10-14', '11:00:00', '12:00:00', 250000, 40, 150000, 'available'),
(337, 2, '2024-10-14', '12:00:00', '13:00:00', 250000, 40, 150000, 'available'),
(338, 2, '2024-10-14', '13:00:00', '14:00:00', 250000, 40, 150000, 'available'),
(339, 2, '2024-10-14', '14:00:00', '15:00:00', 250000, 10, 225000, 'available'),
(340, 2, '2024-10-14', '15:00:00', '16:00:00', 250000, 10, 225000, 'available'),
(341, 2, '2024-10-14', '16:00:00', '17:00:00', 250000, 10, 225000, 'available'),
(342, 2, '2024-10-14', '17:00:00', '18:00:00', 250000, 10, 225000, 'available'),
(343, 2, '2024-10-14', '18:00:00', '19:00:00', 250000, 10, 225000, 'available'),
(344, 2, '2024-10-14', '19:00:00', '20:00:00', 250000, 10, 225000, 'available'),
(345, 2, '2024-10-14', '20:00:00', '21:00:00', 250000, 10, 225000, 'available'),
(346, 2, '2024-10-21', '10:00:00', '11:00:00', 100000, 10, 90000, 'available'),
(347, 2, '2024-10-14', '11:01:00', '12:00:00', 50000, 10, 45000, 'available');

-- --------------------------------------------------------

--
-- Table structure for table `bookings`
--

CREATE TABLE `bookings` (
  `id` int NOT NULL,
  `lapangan_id` int NOT NULL,
  `booking_date` date NOT NULL,
  `name` text NOT NULL,
  `no_hp` varchar(255) NOT NULL,
  `catatan` text,
  `nominal` int DEFAULT NULL,
  `diskon_member` int DEFAULT '0',
  `total` int NOT NULL,
  `photo` varchar(255) NOT NULL,
  `status` enum('Menunggu','Diterima','Ditolak','Belum Lunas','Selesai') CHARACTER SET utf8mb4 COLLATE utf8mb4_0900_ai_ci DEFAULT 'Menunggu'
) ENGINE=InnoDB DEFAULT CHARSET=utf8mb4 COLLATE=utf8mb4_0900_ai_ci;

--
-- Dumping data for table `bookings`
--

INSERT INTO `bookings` (`id`, `lapangan_id`, `booking_date`, `name`, `no_hp`, `catatan`, `nominal`, `diskon_member`, `total`, `photo`, `status`) VALUES
(21, 1, '2024-10-08', 'test 1', '123', 'test 1', 57000, 100000, 157000, '670550888bf95.png', 'Belum Lunas'),
(22, 1, '2024-10-08', 'test 2', '1233', '12333', 193000, 100000, 193000, '670550d4855e9.png', 'Diterima'),
(23, 1, '2024-10-08', 'surya', '123', 'oke', 100000, 0, 140000, '6705517dbf864.png', 'Belum Lunas'),
(24, 2, '2024-10-08', 'ya', '123', 'yaa', 144000, 0, 144000, '67055316112bb.png', 'Selesai'),
(25, 2, '2024-10-08', 'Agus Ganteng', '321', 'agus', 116500, 0, 116500, '670553bd917d2.png', 'Diterima'),
(26, 2, '2024-10-08', 'ajeng', '123', 'ajeng', 40000, 0, 42500, '6705558904205.png', 'Belum Lunas'),
(27, 1, '2024-10-08', 'tes', '123', 'tes', 50000, 0, 81000, '6705572f3f8af.png', 'Belum Lunas'),
(28, 2, '2024-10-08', 'oke', '123', 'ke', 157500, 0, 157500, '6705583f4d8a6.png', 'Diterima'),
(29, 1, '2024-10-08', 'ya', '123', 'ya', 44000, 0, 144000, '6705587ab9673.png', 'Belum Lunas'),
(30, 1, '2024-10-08', '1718', '1718', '1718 1920', 48000, 0, 148000, '670558c64f169.png', 'Belum Lunas'),
(31, 1, '2024-10-08', '26', '26', '26', 60000, 0, 60000, '6705592102bbc.png', 'Diterima'),
(32, 2, '2024-10-08', '810', '810', '810 1112', 53000, 0, 153000, '67055946e2a0b.png', 'Belum Lunas'),
(33, 1, '2024-10-09', 'tes', '123', 'oke', 149000, 0, 149000, '670567aeed2d0.png', 'Diterima'),
(34, 1, '2024-10-09', 'tes', '123', 'tes', NULL, 0, 72000, '6705794e71f19.png', 'Menunggu'),
(35, 1, '2024-10-09', 'oke', '123', '11', NULL, 0, 81000, '67057a845a70b.png', 'Menunggu'),
(36, 2, '2024-10-09', 'Suyaa', '123', 'tes', NULL, 0, 72000, '67066e6902e86.png', 'Menunggu'),
(37, 2, '2024-10-09', 'gunawan', '081229291029', '', NULL, 0, 68000, '67066f5937f34.png', 'Menunggu'),
(38, 1, '2024-10-14', 'tes', '123', 'tes', NULL, 0, 150000, '670d2cae0f82b.png', 'Menunggu');

-- --------------------------------------------------------

--
-- Table structure for table `booking_times`
--

CREATE TABLE `booking_times` (
  `id` int NOT NULL,
  `booking_id` int NOT NULL,
  `start_time` time NOT NULL,
  `end_time` time NOT NULL,
  `tanggal` date NOT NULL,
  `lapangan_id` int NOT NULL
) ENGINE=InnoDB DEFAULT CHARSET=utf8mb4 COLLATE=utf8mb4_0900_ai_ci;

--
-- Dumping data for table `booking_times`
--

INSERT INTO `booking_times` (`id`, `booking_id`, `start_time`, `end_time`, `tanggal`, `lapangan_id`) VALUES
(52, 21, '15:00:00', '16:00:00', '2024-09-24', 1),
(53, 21, '17:00:00', '18:00:00', '2024-09-24', 1),
(54, 21, '19:00:00', '20:00:00', '2024-09-24', 1),
(55, 21, '21:00:00', '22:00:00', '2024-09-24', 1),
(56, 22, '11:00:00', '12:00:00', '2024-09-25', 1),
(57, 22, '13:00:00', '14:00:00', '2024-09-25', 1),
(58, 22, '15:00:00', '16:00:00', '2024-09-25', 1),
(59, 22, '17:00:00', '18:00:00', '2024-09-25', 1),
(60, 23, '19:00:00', '20:00:00', '2024-09-25', 1),
(61, 23, '21:00:00', '22:00:00', '2024-09-25', 1),
(62, 24, '08:00:00', '10:00:00', '2024-09-24', 2),
(63, 24, '11:00:00', '12:00:00', '2024-09-24', 2),
(64, 25, '13:00:00', '14:00:00', '2024-09-24', 2),
(65, 25, '15:00:00', '16:00:00', '2024-09-24', 2),
(66, 26, '17:00:00', '18:00:00', '2024-09-24', 2),
(67, 27, '11:00:00', '12:00:00', '2024-09-26', 1),
(68, 28, '19:00:00', '20:00:00', '2024-09-24', 2),
(69, 28, '21:00:00', '22:00:00', '2024-09-24', 2),
(70, 29, '13:00:00', '14:00:00', '2024-09-26', 1),
(71, 29, '15:00:00', '16:00:00', '2024-09-26', 1),
(72, 30, '17:00:00', '18:00:00', '2024-09-26', 1),
(73, 30, '19:00:00', '20:00:00', '2024-09-26', 1),
(74, 31, '21:00:00', '22:00:00', '2024-09-26', 1),
(75, 32, '08:00:00', '10:00:00', '2024-09-25', 2),
(76, 32, '11:00:00', '12:00:00', '2024-09-25', 2),
(77, 33, '11:00:00', '12:00:00', '2024-09-27', 1),
(78, 33, '13:00:00', '14:00:00', '2024-09-27', 1),
(79, 34, '08:00:00', '10:00:00', '2024-10-09', 1),
(80, 35, '11:00:00', '12:00:00', '2024-10-09', 1),
(81, 36, '08:00:00', '10:00:00', '2024-10-09', 2),
(82, 37, '17:00:00', '18:00:00', '2024-10-09', 2),
(83, 38, '08:00:00', '09:00:00', '2024-10-14', 1);

-- --------------------------------------------------------

--
-- Table structure for table `lapangan`
--

CREATE TABLE `lapangan` (
  `id` int NOT NULL,
  `name` varchar(255) NOT NULL,
  `description` text,
  `photo` varchar(255) DEFAULT NULL,
  `diskon` int DEFAULT NULL
) ENGINE=InnoDB DEFAULT CHARSET=utf8mb4 COLLATE=utf8mb4_0900_ai_ci;

--
-- Dumping data for table `lapangan`
--

INSERT INTO `lapangan` (`id`, `name`, `description`, `photo`, `diskon`) VALUES
(1, 'Badmintoon 2x3', 'Ini Lapangan Badmintoon 2x3', '66f1b93aef6eb.png', 100000),
(2, 'Basket aja', 'Ini lapangan Basket ya', '66f195bbcc9e3.jpeg', 100000),
(4, 'Volley', 'Lapangan Volley\r\n', '66f195cb0d30c.jpeg', 100000),
(16, 'futsal', 'lapangan futsal', '66f1b978743e9.jpeg', 100000),
(17, 'tes', 'oke', '66f2baf690f9c.png', 100000);

--
-- Indexes for dumped tables
--

--
-- Indexes for table `admin`
--
ALTER TABLE `admin`
  ADD PRIMARY KEY (`id_user`);

--
-- Indexes for table `available_times`
--
ALTER TABLE `available_times`
  ADD PRIMARY KEY (`id`),
  ADD UNIQUE KEY `lapangan_id` (`lapangan_id`,`tanggal`,`start_time`),
  ADD KEY `idx_start_end_date_lapangan` (`start_time`,`end_time`,`tanggal`,`lapangan_id`);

--
-- Indexes for table `bookings`
--
ALTER TABLE `bookings`
  ADD PRIMARY KEY (`id`),
  ADD KEY `lapangan_id` (`lapangan_id`);

--
-- Indexes for table `booking_times`
--
ALTER TABLE `booking_times`
  ADD PRIMARY KEY (`id`),
  ADD KEY `booking_times_ibfk_2` (`lapangan_id`) USING BTREE,
  ADD KEY `booking_id` (`booking_id`) USING BTREE;

--
-- Indexes for table `lapangan`
--
ALTER TABLE `lapangan`
  ADD PRIMARY KEY (`id`);

--
-- AUTO_INCREMENT for dumped tables
--

--
-- AUTO_INCREMENT for table `admin`
--
ALTER TABLE `admin`
  MODIFY `id_user` int NOT NULL AUTO_INCREMENT, AUTO_INCREMENT=10;

--
-- AUTO_INCREMENT for table `available_times`
--
ALTER TABLE `available_times`
  MODIFY `id` int NOT NULL AUTO_INCREMENT, AUTO_INCREMENT=348;

--
-- AUTO_INCREMENT for table `bookings`
--
ALTER TABLE `bookings`
  MODIFY `id` int NOT NULL AUTO_INCREMENT, AUTO_INCREMENT=39;

--
-- AUTO_INCREMENT for table `booking_times`
--
ALTER TABLE `booking_times`
  MODIFY `id` int NOT NULL AUTO_INCREMENT, AUTO_INCREMENT=84;

--
-- AUTO_INCREMENT for table `lapangan`
--
ALTER TABLE `lapangan`
  MODIFY `id` int NOT NULL AUTO_INCREMENT, AUTO_INCREMENT=18;

--
-- Constraints for dumped tables
--

--
-- Constraints for table `available_times`
--
ALTER TABLE `available_times`
  ADD CONSTRAINT `available_times_ibfk_1` FOREIGN KEY (`lapangan_id`) REFERENCES `lapangan` (`id`) ON DELETE CASCADE;

--
-- Constraints for table `bookings`
--
ALTER TABLE `bookings`
  ADD CONSTRAINT `bookings_ibfk_1` FOREIGN KEY (`lapangan_id`) REFERENCES `lapangan` (`id`) ON DELETE CASCADE;

--
-- Constraints for table `booking_times`
--
ALTER TABLE `booking_times`
  ADD CONSTRAINT `booking_times_ibfk_1` FOREIGN KEY (`booking_id`) REFERENCES `bookings` (`id`) ON DELETE CASCADE ON UPDATE CASCADE;
COMMIT;

/*!40101 SET CHARACTER_SET_CLIENT=@OLD_CHARACTER_SET_CLIENT */;
/*!40101 SET CHARACTER_SET_RESULTS=@OLD_CHARACTER_SET_RESULTS */;
/*!40101 SET COLLATION_CONNECTION=@OLD_COLLATION_CONNECTION */;
